mean_10_reward,std_10_reward,mean_100_reward,std_100_reward,mean_100_eval_score,std_100_eval_score,lst_100_exp_rat,mean_100_exp_rat,std_100_exp_rat
-137.0,0.0,-137.0,0.0,-63.0,0.0,[0.24915693],0.2491569304930407,0.0
-84.5,52.5,-84.5,52.5,-47.5,15.5,[0.24915693 0.25355062],0.25135377494386374,0.002196844450823063
-67.0,49.49747468305833,-67.0,49.49747468305833,-44.0,13.589211407093005,[0.24915693 0.25355062 0.25326442],0.25199065741800086,0.0020071511151714743
-71.25,43.49353400219393,-71.25,43.49353400219393,-34.5,20.22992832414391,[0.24915693 0.25355062 0.25326442 0.26209323],0.25451629951809274,0.004707238654733792
-63.4,41.950446958286385,-63.4,41.950446958286385,-33.0,18.3412104289766,[0.24915693 0.25355062 0.25326442 0.26209323 0.25756305],0.2551256505416242,0.004383116617386702
-62.5,38.34818552856619,-62.5,38.34818552856619,-34.5,17.075811352124187,[0.24915693 0.25355062 0.25326442 0.26209323 0.25756305 0.24180847],0.25290612109159816,0.006375054062438034
-56.714285714285715,38.227567785245114,-56.714285714285715,38.227567785245114,-46.714285714285715,33.83875329396454,"[0.24915693 0.25355062 0.25326442 0.26209323 0.25756305 0.24180847
 0.24849162]",0.25227547782777016,0.00610095712274411
-61.375,37.82504957035747,-61.375,37.82504957035747,-41.0,35.078483433580764,"[0.24915693 0.25355062 0.25326442 0.26209323 0.25756305 0.24180847
 0.24849162 0.24505088]",0.2513724035535706,0.006186903110596983
-55.22222222222222,39.68144760402041,-55.22222222222222,39.68144760402041,-49.77777777777778,41.35423605274523,"[0.24915693 0.25355062 0.25326442 0.26209323 0.25756305 0.24180847
 0.24849162 0.24505088 0.24660797]",0.2508430219345271,0.00602217931665158
-59.1,39.40164971165548,-59.1,39.40164971165548,-48.5,39.41890409435554,"[0.24915693 0.25355062 0.25326442 0.26209323 0.25756305 0.24180847
 0.24849162 0.24505088 0.24660797 0.25808886]",0.25156760567185693,0.006112705921385477
-48.1,30.458003874187163,-56.18181818181818,38.684782495113176,-41.36363636363637,43.83911231531771,"[0.24915693 0.25355062 0.25326442 0.26209323 0.25756305 0.24180847
 0.24849162 0.24505088 0.24660797 0.25808886 0.2494616 ]",0.25137615049545103,0.005859598156532255
-46.5,31.65833223655346,-52.833333333333336,38.6670258604006,-38.416666666666664,43.09574289364967,"[0.24915693 0.25355062 0.25326442 0.26209323 0.25756305 0.24180847
 0.24849162 0.24505088 0.24660797 0.25808886 0.2494616  0.2615556 ]",0.25222443827568436,0.006276078665487749
-38.2,43.16202034196267,-44.84615384615385,46.32136266403714,-33.92307692307692,44.23444800754887,"[0.24915693 0.25355062 0.25326442 0.26209323 0.25756305 0.24180847
 0.24849162 0.24505088 0.24660797 0.25808886 0.2494616  0.2615556
 0.24537953]",0.2516979066934326,0.006299686805973354
-24.7,47.60892773419708,-38.0,51.007002320409754,-34.142857142857146,42.63274586990807,"[0.24915693 0.25355062 0.25326442 0.26209323 0.25756305 0.24180847
 0.24849162 0.24505088 0.24660797 0.25808886 0.2494616  0.2615556
 0.24537953 0.24208823]",0.25101150140216555,0.006555632283113852
-22.6,47.70366862202529,-36.2,49.73556742077712,-30.866666666666667,42.97265280255443,"[0.24915693 0.25355062 0.25326442 0.26209323 0.25756305 0.24180847
 0.24849162 0.24505088 0.24660797 0.25808886 0.2494616  0.2615556
 0.24537953 0.24208823 0.24037728]",0.25030255330555345,0.0068664205115161634
-14.8,47.65459054487825,-32.6875,50.04088172434614,-29.0,42.23150482755735,"[0.24915693 0.25355062 0.25326442 0.26209323 0.25756305 0.24180847
 0.24849162 0.24505088 0.24660797 0.25808886 0.2494616  0.2615556
 0.24537953 0.24208823 0.24037728 0.22863782]",0.24894850763661375,0.008467738339103503
-7.0,52.02114954516095,-27.470588235294116,52.84173667611708,-26.11764705882353,42.56190281148454,"[0.24915693 0.25355062 0.25326442 0.26209323 0.25756305 0.24180847
 0.24849162 0.24505088 0.24660797 0.25808886 0.2494616  0.2615556
 0.24537953 0.24208823 0.24037728 0.22863782 0.21539874]",0.24697499196116207,0.011393025013405248
1.8,43.26615305293504,-26.27777777777778,51.587902926898096,-26.444444444444443,41.38467540074093,"[0.24915693 0.25355062 0.25326442 0.26209323 0.25756305 0.24180847
 0.24849162 0.24505088 0.24660797 0.25808886 0.2494616  0.2615556
 0.24537953 0.24208823 0.24037728 0.22863782 0.21539874 0.20716665]",0.24476341758248704,0.014343566229752457
7.5,45.55710701965172,-22.210526315789473,53.09433406917641,-28.105263157894736,40.89253533327788,"[0.24915693 0.25355062 0.25326442 0.26209323 0.25756305 0.24180847
 0.24849162 0.24505088 0.24660797 0.25808886 0.2494616  0.2615556
 0.24537953 0.24208823 0.24037728 0.22863782 0.21539874 0.20716665
 0.20279528]",0.24255456846259052,0.016814631779869384
21.5,31.582431825304397,-18.8,53.84291968309297,-25.7,41.21298339115963,"[0.24915693 0.25355062 0.25326442 0.26209323 0.25756305 0.24180847
 0.24849162 0.24505088 0.24660797 0.25808886 0.2494616  0.2615556
 0.24537953 0.24208823 0.24037728 0.22863782 0.21539874 0.20716665
 0.20279528 0.20963365]",0.24090852273724464,0.017890643193206407
23.1,29.415812074460906,-18.428571428571427,52.57155797085524,-23.761904761904763,41.14307760082029,"[0.24915693 0.25355062 0.25326442 0.26209323 0.25756305 0.24180847
 0.24849162 0.24505088 0.24660797 0.25808886 0.2494616  0.2615556
 0.24537953 0.24208823 0.24037728 0.22863782 0.21539874 0.20716665
 0.20279528 0.20963365 0.21457369]",0.23965448296794126,0.018338095774578816
24.1,28.215066896961275,-17.863636363636363,51.42805694679038,-24.363636363636363,40.29160238983423,"[0.24915693 0.25355062 0.25326442 0.26209323 0.25756305 0.24180847
 0.24849162 0.24505088 0.24660797 0.25808886 0.2494616  0.2615556
 0.24537953 0.24208823 0.24037728 0.22863782 0.21539874 0.20716665
 0.20279528 0.20963365 0.21457369 0.21942025]",0.23873474491390276,0.018405551343977748
17.9,28.433958570695005,-17.565217391304348,50.317104090787815,-23.782608695652176,39.50008973213708,"[0.24915693 0.25355062 0.25326442 0.26209323 0.25756305 0.24180847
 0.24849162 0.24505088 0.24660797 0.25808886 0.2494616  0.2615556
 0.24537953 0.24208823 0.24037728 0.22863782 0.21539874 0.20716665
 0.20279528 0.20963365 0.21457369 0.21942025 0.2289286 ]",0.23830839068114915,0.018111724138934467
14.8,26.263282353887146,-16.0,49.82636517614612,-22.833333333333332,38.93548795407889,"[0.24915693 0.25355062 0.25326442 0.26209323 0.25756305 0.24180847
 0.24849162 0.24505088 0.24660797 0.25808886 0.2494616  0.2615556
 0.24537953 0.24208823 0.24037728 0.22863782 0.21539874 0.20716665
 0.20279528 0.20963365 0.21457369 0.21942025 0.2289286  0.21372966]",0.2372842767303205,0.018398072203897033
12.2,29.744915531902254,-16.84,48.99279947094267,-21.12,39.06130566174152,"[0.24915693 0.25355062 0.25326442 0.26209323 0.25756305 0.24180847
 0.24849162 0.24505088 0.24660797 0.25808886 0.2494616  0.2615556
 0.24537953 0.24208823 0.24037728 0.22863782 0.21539874 0.20716665
 0.20279528 0.20963365 0.21457369 0.21942025 0.2289286  0.21372966
 0.19796299]",0.23571142535611447,0.01960413663172187
21.5,42.523522902036234,-11.846153846153847,54.142754545945344,-20.73076923076923,38.352171428153035,"[0.24915693 0.25355062 0.25326442 0.26209323 0.25756305 0.24180847
 0.24849162 0.24505088 0.24660797 0.25808886 0.2494616  0.2615556
 0.24537953 0.24208823 0.24037728 0.22863782 0.21539874 0.20716665
 0.20279528 0.20963365 0.21457369 0.21942025 0.2289286  0.21372966
 0.19796299 0.19052609]",0.2339735280023369,0.021096154420664977
24.1,45.26024745844857,-8.37037037037037,56.00869519012082,-18.25925925925926,39.68915570949809,"[0.24915693 0.25355062 0.25326442 0.26209323 0.25756305 0.24180847
 0.24849162 0.24505088 0.24660797 0.25808886 0.2494616  0.2615556
 0.24537953 0.24208823 0.24037728 0.22863782 0.21539874 0.20716665
 0.20279528 0.20963365 0.21457369 0.21942025 0.2289286  0.21372966
 0.19796299 0.19052609 0.20137513]",0.23276617986875114,0.021597787142184983
20.5,48.804200638879436,-9.571428571428571,55.35239610985274,-17.821428571428573,39.04032125474212,"[0.24915693 0.25355062 0.25326442 0.26209323 0.25756305 0.24180847
 0.24849162 0.24505088 0.24660797 0.25808886 0.2494616  0.2615556
 0.24537953 0.24208823 0.24037728 0.22863782 0.21539874 0.20716665
 0.20279528 0.20963365 0.21457369 0.21942025 0.2289286  0.21372966
 0.19796299 0.19052609 0.20137513 0.19448782]",0.23139909569609576,0.022366622071588
13.8,48.75612781999818,-9.793103448275861,54.4023194931124,-15.620689655172415,40.089910841114545,"[0.24915693 0.25355062 0.25326442 0.26209323 0.25756305 0.24180847
 0.24849162 0.24505088 0.24660797 0.25808886 0.2494616  0.2615556
 0.24537953 0.24208823 0.24037728 0.22863782 0.21539874 0.20716665
 0.20279528 0.20963365 0.21457369 0.21942025 0.2289286  0.21372966
 0.19796299 0.19052609 0.20137513 0.19448782 0.1774373 ]",0.2295383442801943,0.024082406896848388
13.8,48.756127819998184,-7.933333333333334,54.41748085148946,-15.3,39.45389714590942,"[0.24915693 0.25355062 0.25326442 0.26209323 0.25756305 0.24180847
 0.24849162 0.24505088 0.24660797 0.25808886 0.2494616  0.2615556
 0.24537953 0.24208823 0.24037728 0.22863782 0.21539874 0.20716665
 0.20279528 0.20963365 0.21457369 0.21942025 0.2289286  0.21372966
 0.19796299 0.19052609 0.20137513 0.19448782 0.1774373  0.17590183]",0.22775046032171672,0.025560312732195833
16.9,48.06131500489765,-7.032258064516129,53.75961061625002,-14.0,39.460065562458816,"[0.24915693 0.25355062 0.25326442 0.26209323 0.25756305 0.24180847
 0.24849162 0.24505088 0.24660797 0.25808886 0.2494616  0.2615556
 0.24537953 0.24208823 0.24037728 0.22863782 0.21539874 0.20716665
 0.20279528 0.20963365 0.21457369 0.21942025 0.2289286  0.21372966
 0.19796299 0.19052609 0.20137513 0.19448782 0.1774373  0.17590183
 0.18172771]",0.22626585547439945,0.026426804301339413
15.9,48.62807830873023,-7.3125,52.93595039054272,-11.15625,41.942005626072536,"[0.24915693 0.25355062 0.25326442 0.26209323 0.25756305 0.24180847
 0.24849162 0.24505088 0.24660797 0.25808886 0.2494616  0.2615556
 0.24537953 0.24208823 0.24037728 0.22863782 0.21539874 0.20716665
 0.20279528 0.20963365 0.21457369 0.21942025 0.2289286  0.21372966
 0.19796299 0.19052609 0.20137513 0.19448782 0.1774373  0.17590183
 0.18172771 0.17334953]",0.22461222037125075,0.027592055318827035
57.4,125.0289566460506,5.151515151515151,87.6843931423068,-9.424242424242424,42.44785057415126,"[0.24915693 0.25355062 0.25326442 0.26209323 0.25756305 0.24180847
 0.24849162 0.24505088 0.24660797 0.25808886 0.2494616  0.2615556
 0.24537953 0.24208823 0.24037728 0.22863782 0.21539874 0.20716665
 0.20279528 0.20963365 0.21457369 0.21942025 0.2289286  0.21372966
 0.19796299 0.19052609 0.20137513 0.19448782 0.1774373  0.17590183
 0.18172771 0.17334953 0.16445055]",0.2227891395940917,0.02906212518669756
63.1,124.49212826520397,7.264705882352941,87.23406944521342,-9.323529411764707,41.822960614978896,"[0.24915693 0.25355062 0.25326442 0.26209323 0.25756305 0.24180847
 0.24849162 0.24505088 0.24660797 0.25808886 0.2494616  0.2615556
 0.24537953 0.24208823 0.24037728 0.22863782 0.21539874 0.20716665
 0.20279528 0.20963365 0.21457369 0.21942025 0.2289286  0.21372966
 0.19796299 0.19052609 0.20137513 0.19448782 0.1774373  0.17590183
 0.18172771 0.17334953 0.16445055 0.1652961 ]",0.22109816783386563,0.030234507698526092
71.9,120.1394606280551,8.514285714285714,86.2870198576725,-8.485714285714286,41.50963497693478,"[0.24915693 0.25355062 0.25326442 0.26209323 0.25756305 0.24180847
 0.24849162 0.24505088 0.24660797 0.25808886 0.2494616  0.2615556
 0.24537953 0.24208823 0.24037728 0.22863782 0.21539874 0.20716665
 0.20279528 0.20963365 0.21457369 0.21942025 0.2289286  0.21372966
 0.19796299 0.19052609 0.20137513 0.19448782 0.1774373  0.17590183
 0.18172771 0.17334953 0.16445055 0.1652961  0.16679635]",0.21954668744477052,0.03114239382466771
68.8,119.4368452363005,10.555555555555555,85.9329339415481,-5.555555555555555,44.44874979146986,"[0.24915693 0.25355062 0.25326442 0.26209323 0.25756305 0.24180847
 0.24849162 0.24505088 0.24660797 0.25808886 0.2494616  0.2615556
 0.24537953 0.24208823 0.24037728 0.22863782 0.21539874 0.20716665
 0.20279528 0.20963365 0.21457369 0.21942025 0.2289286  0.21372966
 0.19796299 0.19052609 0.20137513 0.19448782 0.1774373  0.17590183
 0.18172771 0.17334953 0.16445055 0.1652961  0.16679635 0.1369519 ]",0.21725238791963905,0.033572932736662925
69.2,119.48707043023525,12.594594594594595,85.64207713610756,-4.081081081081081,44.727631207407555,"[0.24915693 0.25355062 0.25326442 0.26209323 0.25756305 0.24180847
 0.24849162 0.24505088 0.24660797 0.25808886 0.2494616  0.2615556
 0.24537953 0.24208823 0.24037728 0.22863782 0.21539874 0.20716665
 0.20279528 0.20963365 0.21457369 0.21942025 0.2289286  0.21372966
 0.19796299 0.19052609 0.20137513 0.19448782 0.1774373  0.17590183
 0.18172771 0.17334953 0.16445055 0.1652961  0.16679635 0.1369519
 0.14085004]",0.21518745952349244,0.03535788419056383
80.0,113.68817000902072,14.0,84.93898739064039,-2.6315789473684212,45.00726318731443,"[0.24915693 0.25355062 0.25326442 0.26209323 0.25756305 0.24180847
 0.24849162 0.24505088 0.24660797 0.25808886 0.2494616  0.2615556
 0.24537953 0.24208823 0.24037728 0.22863782 0.21539874 0.20716665
 0.20279528 0.20963365 0.21457369 0.21942025 0.2289286  0.21372966
 0.19796299 0.19052609 0.20137513 0.19448782 0.1774373  0.17590183
 0.18172771 0.17334953 0.16445055 0.1652961  0.16679635 0.1369519
 0.14085004 0.14150909]",0.213248555020617,0.03682901677018999
92.4,109.2155666560404,16.41025641025641,85.14925596998454,-2.717948717948718,44.42969018743228,"[0.24915693 0.25355062 0.25326442 0.26209323 0.25756305 0.24180847
 0.24849162 0.24505088 0.24660797 0.25808886 0.2494616  0.2615556
 0.24537953 0.24208823 0.24037728 0.22863782 0.21539874 0.20716665
 0.20279528 0.20963365 0.21457369 0.21942025 0.2289286  0.21372966
 0.19796299 0.19052609 0.20137513 0.19448782 0.1774373  0.17590183
 0.18172771 0.17334953 0.16445055 0.1652961  0.16679635 0.1369519
 0.14085004 0.14150909 0.16153993]",0.2119226927535763,0.0372612157718513
85.6,113.90891097714875,15.45,84.29174040201093,-0.5,46.00543446159377,"[0.24915693 0.25355062 0.25326442 0.26209323 0.25756305 0.24180847
 0.24849162 0.24505088 0.24660797 0.25808886 0.2494616  0.2615556
 0.24537953 0.24208823 0.24037728 0.22863782 0.21539874 0.20716665
 0.20279528 0.20963365 0.21457369 0.21942025 0.2289286  0.21372966
 0.19796299 0.19052609 0.20137513 0.19448782 0.1774373  0.17590183
 0.18172771 0.17334953 0.16445055 0.1652961  0.16679635 0.1369519
 0.14085004 0.14150909 0.16153993 0.16750555]",0.21081226426070093,0.03744031586205361
93.3,111.79718243319014,17.4390243902439,84.20244153243893,1.1219512195121952,46.58440811172308,"[0.24915693 0.25355062 0.25326442 0.26209323 0.25756305 0.24180847
 0.24849162 0.24505088 0.24660797 0.25808886 0.2494616  0.2615556
 0.24537953 0.24208823 0.24037728 0.22863782 0.21539874 0.20716665
 0.20279528 0.20963365 0.21457369 0.21942025 0.2289286  0.21372966
 0.19796299 0.19052609 0.20137513 0.19448782 0.1774373  0.17590183
 0.18172771 0.17334953 0.16445055 0.1652961  0.16679635 0.1369519
 0.14085004 0.14150909 0.16153993 0.16750555 0.15931211]",0.20955616303955368,0.03782458425272542
105.7,105.69678330015536,19.595238095238095,84.33184438469411,9.642857142857142,71.38121048906605,"[0.24915693 0.25355062 0.25326442 0.26209323 0.25756305 0.24180847
 0.24849162 0.24505088 0.24660797 0.25808886 0.2494616  0.2615556
 0.24537953 0.24208823 0.24037728 0.22863782 0.21539874 0.20716665
 0.20279528 0.20963365 0.21457369 0.21942025 0.2289286  0.21372966
 0.19796299 0.19052609 0.20137513 0.19448782 0.1774373  0.17590183
 0.18172771 0.17334953 0.16445055 0.1652961  0.16679635 0.1369519
 0.14085004 0.14150909 0.16153993 0.16750555 0.15931211 0.15776641]",0.20832307357371876,0.038196541763716806
67.3,39.1587793476763,19.6046511627907,83.345495416811,10.488372093023257,70.75880160323989,"[0.24915693 0.25355062 0.25326442 0.26209323 0.25756305 0.24180847
 0.24849162 0.24505088 0.24660797 0.25808886 0.2494616  0.2615556
 0.24537953 0.24208823 0.24037728 0.22863782 0.21539874 0.20716665
 0.20279528 0.20963365 0.21457369 0.21942025 0.2289286  0.21372966
 0.19796299 0.19052609 0.20137513 0.19448782 0.1774373  0.17590183
 0.18172771 0.17334953 0.16445055 0.1652961  0.16679635 0.1369519
 0.14085004 0.14150909 0.16153993 0.16750555 0.15931211 0.15776641
 0.16741626]",0.20737175221787513,0.038249923534622816
64.2,39.49379698129822,20.204545454545453,82.48679771648709,10.590909090909092,69.95333450425693,"[0.24915693 0.25355062 0.25326442 0.26209323 0.25756305 0.24180847
 0.24849162 0.24505088 0.24660797 0.25808886 0.2494616  0.2615556
 0.24537953 0.24208823 0.24037728 0.22863782 0.21539874 0.20716665
 0.20279528 0.20963365 0.21457369 0.21942025 0.2289286  0.21372966
 0.19796299 0.19052609 0.20137513 0.19448782 0.1774373  0.17590183
 0.18172771 0.17334953 0.16445055 0.1652961  0.16679635 0.1369519
 0.14085004 0.14150909 0.16153993 0.16750555 0.15931211 0.15776641
 0.16741626 0.17137317]",0.20655360266495448,0.038191467850894424
54.9,50.830010820380515,18.822222222222223,82.0789021176545,10.688888888888888,69.17476168604405,"[0.24915693 0.25355062 0.25326442 0.26209323 0.25756305 0.24180847
 0.24849162 0.24505088 0.24660797 0.25808886 0.2494616  0.2615556
 0.24537953 0.24208823 0.24037728 0.22863782 0.21539874 0.20716665
 0.20279528 0.20963365 0.21457369 0.21942025 0.2289286  0.21372966
 0.19796299 0.19052609 0.20137513 0.19448782 0.1774373  0.17590183
 0.18172771 0.17334953 0.16445055 0.1652961  0.16679635 0.1369519
 0.14085004 0.14150909 0.16153993 0.16750555 0.15931211 0.15776641
 0.16741626 0.17137317 0.16839839]",0.20570570901044438,0.03818124913746988
48.7,50.927497484168605,18.847826086956523,81.18201969254682,11.565217391304348,68.67081279044662,"[0.24915693 0.25355062 0.25326442 0.26209323 0.25756305 0.24180847
 0.24849162 0.24505088 0.24660797 0.25808886 0.2494616  0.2615556
 0.24537953 0.24208823 0.24037728 0.22863782 0.21539874 0.20716665
 0.20279528 0.20963365 0.21457369 0.21942025 0.2289286  0.21372966
 0.19796299 0.19052609 0.20137513 0.19448782 0.1774373  0.17590183
 0.18172771 0.17334953 0.16445055 0.1652961  0.16679635 0.1369519
 0.14085004 0.14150909 0.16153993 0.16750555 0.15931211 0.15776641
 0.16741626 0.17137317 0.16839839 0.17609295]",0.20506195342907488,0.03801006798573138
44.7,49.38835895228753,19.425531914893618,80.40925761268693,12.297872340425531,68.11783123120756,"[0.24915693 0.25355062 0.25326442 0.26209323 0.25756305 0.24180847
 0.24849162 0.24505088 0.24660797 0.25808886 0.2494616  0.2615556
 0.24537953 0.24208823 0.24037728 0.22863782 0.21539874 0.20716665
 0.20279528 0.20963365 0.21457369 0.21942025 0.2289286  0.21372966
 0.19796299 0.19052609 0.20137513 0.19448782 0.1774373  0.17590183
 0.18172771 0.17334953 0.16445055 0.1652961  0.16679635 0.1369519
 0.14085004 0.14150909 0.16153993 0.16750555 0.15931211 0.15776641
 0.16741626 0.17137317 0.16839839 0.17609295 0.18398329]",0.2046134712095859,0.03772635486733209
37.5,50.980878768416694,18.895833333333332,79.65007835927652,13.0,67.57619156675425,"[0.24915693 0.25355062 0.25326442 0.26209323 0.25756305 0.24180847
 0.24849162 0.24505088 0.24660797 0.25808886 0.2494616  0.2615556
 0.24537953 0.24208823 0.24037728 0.22863782 0.21539874 0.20716665
 0.20279528 0.20963365 0.21457369 0.21942025 0.2289286  0.21372966
 0.19796299 0.19052609 0.20137513 0.19448782 0.1774373  0.17590183
 0.18172771 0.17334953 0.16445055 0.1652961  0.16679635 0.1369519
 0.14085004 0.14150909 0.16153993 0.16750555 0.15931211 0.15776641
 0.16741626 0.17137317 0.16839839 0.17609295 0.18398329 0.18805085]",0.20426841664512527,0.03740617829093788
31.3,45.50615343005823,19.448979591836736,78.92622781898473,13.040816326530612,66.8836819071443,"[0.24915693 0.25355062 0.25326442 0.26209323 0.25756305 0.24180847
 0.24849162 0.24505088 0.24660797 0.25808886 0.2494616  0.2615556
 0.24537953 0.24208823 0.24037728 0.22863782 0.21539874 0.20716665
 0.20279528 0.20963365 0.21457369 0.21942025 0.2289286  0.21372966
 0.19796299 0.19052609 0.20137513 0.19448782 0.1774373  0.17590183
 0.18172771 0.17334953 0.16445055 0.1652961  0.16679635 0.1369519
 0.14085004 0.14150909 0.16153993 0.16750555 0.15931211 0.15776641
 0.16741626 0.17137317 0.16839839 0.17609295 0.18398329 0.18805085
 0.19052581]",0.2039879551881491,0.03707347075659304
41.0,43.40046082704652,20.56,78.51908303081488,13.88,66.47153977455315,"[0.24915693 0.25355062 0.25326442 0.26209323 0.25756305 0.24180847
 0.24849162 0.24505088 0.24660797 0.25808886 0.2494616  0.2615556
 0.24537953 0.24208823 0.24037728 0.22863782 0.21539874 0.20716665
 0.20279528 0.20963365 0.21457369 0.21942025 0.2289286  0.21372966
 0.19796299 0.19052609 0.20137513 0.19448782 0.1774373  0.17590183
 0.18172771 0.17334953 0.16445055 0.1652961  0.16679635 0.1369519
 0.14085004 0.14150909 0.16153993 0.16750555 0.15931211 0.15776641
 0.16741626 0.17137317 0.16839839 0.17609295 0.18398329 0.18805085
 0.19052581 0.16043852]",0.20311696641673443,0.03720384173466167
34.6,39.184690888151714,20.80392156862745,77.764607002597,14.509803921568627,65.9671256656602,"[0.24915693 0.25355062 0.25326442 0.26209323 0.25756305 0.24180847
 0.24849162 0.24505088 0.24660797 0.25808886 0.2494616  0.2615556
 0.24537953 0.24208823 0.24037728 0.22863782 0.21539874 0.20716665
 0.20279528 0.20963365 0.21457369 0.21942025 0.2289286  0.21372966
 0.19796299 0.19052609 0.20137513 0.19448782 0.1774373  0.17590183
 0.18172771 0.17334953 0.16445055 0.1652961  0.16679635 0.1369519
 0.14085004 0.14150909 0.16153993 0.16750555 0.15931211 0.15776641
 0.16741626 0.17137317 0.16839839 0.17609295 0.18398329 0.18805085
 0.19052581 0.16043852 0.13187381]",0.20172004170309465,0.038138642480393316
25.8,30.66855066676611,20.78846153846154,77.01331966176659,14.51923076923077,65.32978187173354,"[0.24915693 0.25355062 0.25326442 0.26209323 0.25756305 0.24180847
 0.24849162 0.24505088 0.24660797 0.25808886 0.2494616  0.2615556
 0.24537953 0.24208823 0.24037728 0.22863782 0.21539874 0.20716665
 0.20279528 0.20963365 0.21457369 0.21942025 0.2289286  0.21372966
 0.19796299 0.19052609 0.20137513 0.19448782 0.1774373  0.17590183
 0.18172771 0.17334953 0.16445055 0.1652961  0.16679635 0.1369519
 0.14085004 0.14150909 0.16153993 0.16750555 0.15931211 0.15776641
 0.16741626 0.17137317 0.16839839 0.17609295 0.18398329 0.18805085
 0.19052581 0.16043852 0.13187381 0.16649896]",0.20104271315802316,0.03807861985902511
25.3,30.799512983162575,20.67924528301887,76.28738454646243,15.11320754716981,64.85212798980449,"[0.24915693 0.25355062 0.25326442 0.26209323 0.25756305 0.24180847
 0.24849162 0.24505088 0.24660797 0.25808886 0.2494616  0.2615556
 0.24537953 0.24208823 0.24037728 0.22863782 0.21539874 0.20716665
 0.20279528 0.20963365 0.21457369 0.21942025 0.2289286  0.21372966
 0.19796299 0.19052609 0.20137513 0.19448782 0.1774373  0.17590183
 0.18172771 0.17334953 0.16445055 0.1652961  0.16679635 0.1369519
 0.14085004 0.14150909 0.16153993 0.16750555 0.15931211 0.15776641
 0.16741626 0.17137317 0.16839839 0.17609295 0.18398329 0.18805085
 0.19052581 0.16043852 0.13187381 0.16649896 0.15928049]",0.20025474677706998,0.03814327576027884
24.2,30.23177136722226,20.944444444444443,75.60237519947682,15.648148148148149,64.36676086287125,"[0.24915693 0.25355062 0.25326442 0.26209323 0.25756305 0.24180847
 0.24849162 0.24505088 0.24660797 0.25808886 0.2494616  0.2615556
 0.24537953 0.24208823 0.24037728 0.22863782 0.21539874 0.20716665
 0.20279528 0.20963365 0.21457369 0.21942025 0.2289286  0.21372966
 0.19796299 0.19052609 0.20137513 0.19448782 0.1774373  0.17590183
 0.18172771 0.17334953 0.16445055 0.1652961  0.16679635 0.1369519
 0.14085004 0.14150909 0.16153993 0.16750555 0.15931211 0.15776641
 0.16741626 0.17137317 0.16839839 0.17609295 0.18398329 0.18805085
 0.19052581 0.16043852 0.13187381 0.16649896 0.15928049 0.1538166 ]",0.1993947810515886,0.03830355588020073
30.8,20.788458336298053,21.0,74.9130404960554,15.436363636363636,63.79790923800322,"[0.24915693 0.25355062 0.25326442 0.26209323 0.25756305 0.24180847
 0.24849162 0.24505088 0.24660797 0.25808886 0.2494616  0.2615556
 0.24537953 0.24208823 0.24037728 0.22863782 0.21539874 0.20716665
 0.20279528 0.20963365 0.21457369 0.21942025 0.2289286  0.21372966
 0.19796299 0.19052609 0.20137513 0.19448782 0.1774373  0.17590183
 0.18172771 0.17334953 0.16445055 0.1652961  0.16679635 0.1369519
 0.14085004 0.14150909 0.16153993 0.16750555 0.15931211 0.15776641
 0.16741626 0.17137317 0.16839839 0.17609295 0.18398329 0.18805085
 0.19052581 0.16043852 0.13187381 0.16649896 0.15928049 0.1538166
 0.13761303]",0.19827147644644955,0.03884101733906743
36.5,24.52447756833976,22.0,74.61065607538913,15.517857142857142,63.228607639102655,"[0.24915693 0.25355062 0.25326442 0.26209323 0.25756305 0.24180847
 0.24849162 0.24505088 0.24660797 0.25808886 0.2494616  0.2615556
 0.24537953 0.24208823 0.24037728 0.22863782 0.21539874 0.20716665
 0.20279528 0.20963365 0.21457369 0.21942025 0.2289286  0.21372966
 0.19796299 0.19052609 0.20137513 0.19448782 0.1774373  0.17590183
 0.18172771 0.17334953 0.16445055 0.1652961  0.16679635 0.1369519
 0.14085004 0.14150909 0.16153993 0.16750555 0.15931211 0.15776641
 0.16741626 0.17137317 0.16839839 0.17609295 0.18398329 0.18805085
 0.19052581 0.16043852 0.13187381 0.16649896 0.15928049 0.1538166
 0.13761303 0.16268794]",0.1976360561569728,0.038780041830434445
39.6,27.328373533746937,22.964912280701753,74.30495837444089,16.140350877192983,62.84440228152783,"[0.24915693 0.25355062 0.25326442 0.26209323 0.25756305 0.24180847
 0.24849162 0.24505088 0.24660797 0.25808886 0.2494616  0.2615556
 0.24537953 0.24208823 0.24037728 0.22863782 0.21539874 0.20716665
 0.20279528 0.20963365 0.21457369 0.21942025 0.2289286  0.21372966
 0.19796299 0.19052609 0.20137513 0.19448782 0.1774373  0.17590183
 0.18172771 0.17334953 0.16445055 0.1652961  0.16679635 0.1369519
 0.14085004 0.14150909 0.16153993 0.16750555 0.15931211 0.15776641
 0.16741626 0.17137317 0.16839839 0.17609295 0.18398329 0.18805085
 0.19052581 0.16043852 0.13187381 0.16649896 0.15928049 0.1538166
 0.13761303 0.16268794 0.15284056]",0.19685017019926418,0.03888565439582118
45.8,22.96432015105172,23.53448275862069,73.78702238882067,16.20689655172414,62.30231041841111,"[0.24915693 0.25355062 0.25326442 0.26209323 0.25756305 0.24180847
 0.24849162 0.24505088 0.24660797 0.25808886 0.2494616  0.2615556
 0.24537953 0.24208823 0.24037728 0.22863782 0.21539874 0.20716665
 0.20279528 0.20963365 0.21457369 0.21942025 0.2289286  0.21372966
 0.19796299 0.19052609 0.20137513 0.19448782 0.1774373  0.17590183
 0.18172771 0.17334953 0.16445055 0.1652961  0.16679635 0.1369519
 0.14085004 0.14150909 0.16153993 0.16750555 0.15931211 0.15776641
 0.16741626 0.17137317 0.16839839 0.17609295 0.18398329 0.18805085
 0.19052581 0.16043852 0.13187381 0.16649896 0.15928049 0.1538166
 0.13761303 0.16268794 0.15284056 0.15711976]",0.19616516317963184,0.03889434281125424
48.9,24.801008044029178,24.440677966101696,73.48383223226972,17.389830508474578,62.425553478442765,"[0.24915693 0.25355062 0.25326442 0.26209323 0.25756305 0.24180847
 0.24849162 0.24505088 0.24660797 0.25808886 0.2494616  0.2615556
 0.24537953 0.24208823 0.24037728 0.22863782 0.21539874 0.20716665
 0.20279528 0.20963365 0.21457369 0.21942025 0.2289286  0.21372966
 0.19796299 0.19052609 0.20137513 0.19448782 0.1774373  0.17590183
 0.18172771 0.17334953 0.16445055 0.1652961  0.16679635 0.1369519
 0.14085004 0.14150909 0.16153993 0.16750555 0.15931211 0.15776641
 0.16741626 0.17137317 0.16839839 0.17609295 0.18398329 0.18805085
 0.19052581 0.16043852 0.13187381 0.16649896 0.15928049 0.1538166
 0.13761303 0.16268794 0.15284056 0.15711976 0.15164101]",0.1954105165089114,0.03898923245639971
48.3,24.228289250378367,25.183333333333334,73.09183530934826,18.716666666666665,62.73651028087411,"[0.24915693 0.25355062 0.25326442 0.26209323 0.25756305 0.24180847
 0.24849162 0.24505088 0.24660797 0.25808886 0.2494616  0.2615556
 0.24537953 0.24208823 0.24037728 0.22863782 0.21539874 0.20716665
 0.20279528 0.20963365 0.21457369 0.21942025 0.2289286  0.21372966
 0.19796299 0.19052609 0.20137513 0.19448782 0.1774373  0.17590183
 0.18172771 0.17334953 0.16445055 0.1652961  0.16679635 0.1369519
 0.14085004 0.14150909 0.16153993 0.16750555 0.15931211 0.15776641
 0.16741626 0.17137317 0.16839839 0.17609295 0.18398329 0.18805085
 0.19052581 0.16043852 0.13187381 0.16649896 0.15928049 0.1538166
 0.13761303 0.16268794 0.15284056 0.15711976 0.15164101 0.1422957 ]",0.19452526953423452,0.03925634106202231
47.0,25.337718918639855,25.098360655737704,72.49323426159157,18.65573770491803,62.2219415324076,"[0.24915693 0.25355062 0.25326442 0.26209323 0.25756305 0.24180847
 0.24849162 0.24505088 0.24660797 0.25808886 0.2494616  0.2615556
 0.24537953 0.24208823 0.24037728 0.22863782 0.21539874 0.20716665
 0.20279528 0.20963365 0.21457369 0.21942025 0.2289286  0.21372966
 0.19796299 0.19052609 0.20137513 0.19448782 0.1774373  0.17590183
 0.18172771 0.17334953 0.16445055 0.1652961  0.16679635 0.1369519
 0.14085004 0.14150909 0.16153993 0.16750555 0.15931211 0.15776641
 0.16741626 0.17137317 0.16839839 0.17609295 0.18398329 0.18805085
 0.19052581 0.16043852 0.13187381 0.16649896 0.15928049 0.1538166
 0.13761303 0.16268794 0.15284056 0.15711976 0.15164101 0.1422957
 0.14976638]",0.193791517216325,0.03934590928662
52.7,25.03217928986607,25.93548387096774,72.20286630172811,18.677419354838708,61.71834416316997,"[0.24915693 0.25355062 0.25326442 0.26209323 0.25756305 0.24180847
 0.24849162 0.24505088 0.24660797 0.25808886 0.2494616  0.2615556
 0.24537953 0.24208823 0.24037728 0.22863782 0.21539874 0.20716665
 0.20279528 0.20963365 0.21457369 0.21942025 0.2289286  0.21372966
 0.19796299 0.19052609 0.20137513 0.19448782 0.1774373  0.17590183
 0.18172771 0.17334953 0.16445055 0.1652961  0.16679635 0.1369519
 0.14085004 0.14150909 0.16153993 0.16750555 0.15931211 0.15776641
 0.16741626 0.17137317 0.16839839 0.17609295 0.18398329 0.18805085
 0.19052581 0.16043852 0.13187381 0.16649896 0.15928049 0.1538166
 0.13761303 0.16268794 0.15284056 0.15711976 0.15164101 0.1422957
 0.14976638 0.15224893]",0.1931214754604357,0.03937661141679138
56.3,21.721187812824603,26.333333333333332,71.69600728295447,19.603174603174605,61.65895439097684,"[0.24915693 0.25355062 0.25326442 0.26209323 0.25756305 0.24180847
 0.24849162 0.24505088 0.24660797 0.25808886 0.2494616  0.2615556
 0.24537953 0.24208823 0.24037728 0.22863782 0.21539874 0.20716665
 0.20279528 0.20963365 0.21457369 0.21942025 0.2289286  0.21372966
 0.19796299 0.19052609 0.20137513 0.19448782 0.1774373  0.17590183
 0.18172771 0.17334953 0.16445055 0.1652961  0.16679635 0.1369519
 0.14085004 0.14150909 0.16153993 0.16750555 0.15931211 0.15776641
 0.16741626 0.17137317 0.16839839 0.17609295 0.18398329 0.18805085
 0.19052581 0.16043852 0.13187381 0.16649896 0.15928049 0.1538166
 0.13761303 0.16268794 0.15284056 0.15711976 0.15164101 0.1422957
 0.14976638 0.15224893 0.15511804]",0.1925182463867319,0.039350565776227316
56.8,21.27815781499893,26.546875,71.15386709613452,20.640625,61.72706233581325,"[0.24915693 0.25355062 0.25326442 0.26209323 0.25756305 0.24180847
 0.24849162 0.24505088 0.24660797 0.25808886 0.2494616  0.2615556
 0.24537953 0.24208823 0.24037728 0.22863782 0.21539874 0.20716665
 0.20279528 0.20963365 0.21457369 0.21942025 0.2289286  0.21372966
 0.19796299 0.19052609 0.20137513 0.19448782 0.1774373  0.17590183
 0.18172771 0.17334953 0.16445055 0.1652961  0.16679635 0.1369519
 0.14085004 0.14150909 0.16153993 0.16750555 0.15931211 0.15776641
 0.16741626 0.17137317 0.16839839 0.17609295 0.18398329 0.18805085
 0.19052581 0.16043852 0.13187381 0.16649896 0.15928049 0.1538166
 0.13761303 0.16268794 0.15284056 0.15711976 0.15164101 0.1422957
 0.14976638 0.15224893 0.15511804 0.16152752]",0.19203401624435856,0.039230656328349385
56.2,22.25668438918969,26.415384615384614,70.61224393887254,20.76923076923077,61.25903870030289,"[0.24915693 0.25355062 0.25326442 0.26209323 0.25756305 0.24180847
 0.24849162 0.24505088 0.24660797 0.25808886 0.2494616  0.2615556
 0.24537953 0.24208823 0.24037728 0.22863782 0.21539874 0.20716665
 0.20279528 0.20963365 0.21457369 0.21942025 0.2289286  0.21372966
 0.19796299 0.19052609 0.20137513 0.19448782 0.1774373  0.17590183
 0.18172771 0.17334953 0.16445055 0.1652961  0.16679635 0.1369519
 0.14085004 0.14150909 0.16153993 0.16750555 0.15931211 0.15776641
 0.16741626 0.17137317 0.16839839 0.17609295 0.18398329 0.18805085
 0.19052581 0.16043852 0.13187381 0.16649896 0.15928049 0.1538166
 0.13761303 0.16268794 0.15284056 0.15711976 0.15164101 0.1422957
 0.14976638 0.15224893 0.15511804 0.16152752 0.15693905]",0.19149409371879017,0.03916661633601897
52.0,21.895204954510017,26.545454545454547,70.08310690371992,22.09090909090909,61.71997546905561,"[0.24915693 0.25355062 0.25326442 0.26209323 0.25756305 0.24180847
 0.24849162 0.24505088 0.24660797 0.25808886 0.2494616  0.2615556
 0.24537953 0.24208823 0.24037728 0.22863782 0.21539874 0.20716665
 0.20279528 0.20963365 0.21457369 0.21942025 0.2289286  0.21372966
 0.19796299 0.19052609 0.20137513 0.19448782 0.1774373  0.17590183
 0.18172771 0.17334953 0.16445055 0.1652961  0.16679635 0.1369519
 0.14085004 0.14150909 0.16153993 0.16750555 0.15931211 0.15776641
 0.16741626 0.17137317 0.16839839 0.17609295 0.18398329 0.18805085
 0.19052581 0.16043852 0.13187381 0.16649896 0.15928049 0.1538166
 0.13761303 0.16268794 0.15284056 0.15711976 0.15164101 0.1422957
 0.14976638 0.15224893 0.15511804 0.16152752 0.15693905 0.14696082]",0.19081934721443686,0.03924760419140002
48.9,20.270421801235415,26.83582089552239,69.59812079615355,21.597014925373134,61.38891428474264,"[0.24915693 0.25355062 0.25326442 0.26209323 0.25756305 0.24180847
 0.24849162 0.24505088 0.24660797 0.25808886 0.2494616  0.2615556
 0.24537953 0.24208823 0.24037728 0.22863782 0.21539874 0.20716665
 0.20279528 0.20963365 0.21457369 0.21942025 0.2289286  0.21372966
 0.19796299 0.19052609 0.20137513 0.19448782 0.1774373  0.17590183
 0.18172771 0.17334953 0.16445055 0.1652961  0.16679635 0.1369519
 0.14085004 0.14150909 0.16153993 0.16750555 0.15931211 0.15776641
 0.16741626 0.17137317 0.16839839 0.17609295 0.18398329 0.18805085
 0.19052581 0.16043852 0.13187381 0.16649896 0.15928049 0.1538166
 0.13761303 0.16268794 0.15284056 0.15711976 0.15164101 0.1422957
 0.14976638 0.15224893 0.15511804 0.16152752 0.15693905 0.14696082
 0.14104077]",0.1900763833363236,0.039418466014741235
47.9,20.14174768981083,27.11764705882353,69.12297851778055,21.5,60.94102742430104,"[0.24915693 0.25355062 0.25326442 0.26209323 0.25756305 0.24180847
 0.24849162 0.24505088 0.24660797 0.25808886 0.2494616  0.2615556
 0.24537953 0.24208823 0.24037728 0.22863782 0.21539874 0.20716665
 0.20279528 0.20963365 0.21457369 0.21942025 0.2289286  0.21372966
 0.19796299 0.19052609 0.20137513 0.19448782 0.1774373  0.17590183
 0.18172771 0.17334953 0.16445055 0.1652961  0.16679635 0.1369519
 0.14085004 0.14150909 0.16153993 0.16750555 0.15931211 0.15776641
 0.16741626 0.17137317 0.16839839 0.17609295 0.18398329 0.18805085
 0.19052581 0.16043852 0.13187381 0.16649896 0.15928049 0.1538166
 0.13761303 0.16268794 0.15284056 0.15711976 0.15164101 0.1422957
 0.14976638 0.15224893 0.15511804 0.16152752 0.15693905 0.14696082
 0.14104077 0.13820244]",0.18931353123515654,0.039622663193581424
44.8,17.656726763474595,27.391304347826086,68.65735494580132,21.08695652173913,60.59361881800655,"[0.24915693 0.25355062 0.25326442 0.26209323 0.25756305 0.24180847
 0.24849162 0.24505088 0.24660797 0.25808886 0.2494616  0.2615556
 0.24537953 0.24208823 0.24037728 0.22863782 0.21539874 0.20716665
 0.20279528 0.20963365 0.21457369 0.21942025 0.2289286  0.21372966
 0.19796299 0.19052609 0.20137513 0.19448782 0.1774373  0.17590183
 0.18172771 0.17334953 0.16445055 0.1652961  0.16679635 0.1369519
 0.14085004 0.14150909 0.16153993 0.16750555 0.15931211 0.15776641
 0.16741626 0.17137317 0.16839839 0.17609295 0.18398329 0.18805085
 0.19052581 0.16043852 0.13187381 0.16649896 0.15928049 0.1538166
 0.13761303 0.16268794 0.15284056 0.15711976 0.15164101 0.1422957
 0.14976638 0.15224893 0.15511804 0.16152752 0.15693905 0.14696082
 0.14104077 0.13820244 0.16493983]",0.18896028920594415,0.03944220450866577
42.3,15.7165517846632,27.62857142857143,68.19366778910351,21.414285714285715,60.22066395637745,"[0.24915693 0.25355062 0.25326442 0.26209323 0.25756305 0.24180847
 0.24849162 0.24505088 0.24660797 0.25808886 0.2494616  0.2615556
 0.24537953 0.24208823 0.24037728 0.22863782 0.21539874 0.20716665
 0.20279528 0.20963365 0.21457369 0.21942025 0.2289286  0.21372966
 0.19796299 0.19052609 0.20137513 0.19448782 0.1774373  0.17590183
 0.18172771 0.17334953 0.16445055 0.1652961  0.16679635 0.1369519
 0.14085004 0.14150909 0.16153993 0.16750555 0.15931211 0.15776641
 0.16741626 0.17137317 0.16839839 0.17609295 0.18398329 0.18805085
 0.19052581 0.16043852 0.13187381 0.16649896 0.15928049 0.1538166
 0.13761303 0.16268794 0.15284056 0.15711976 0.15164101 0.1422957
 0.14976638 0.15224893 0.15511804 0.16152752 0.15693905 0.14696082
 0.14104077 0.13820244 0.16493983 0.1514261 ]",0.18842408650751266,0.03941195008424562
39.6,20.8096131631513,27.140845070422536,67.83457421139154,21.760563380281692,59.86521593175658,"[0.24915693 0.25355062 0.25326442 0.26209323 0.25756305 0.24180847
 0.24849162 0.24505088 0.24660797 0.25808886 0.2494616  0.2615556
 0.24537953 0.24208823 0.24037728 0.22863782 0.21539874 0.20716665
 0.20279528 0.20963365 0.21457369 0.21942025 0.2289286  0.21372966
 0.19796299 0.19052609 0.20137513 0.19448782 0.1774373  0.17590183
 0.18172771 0.17334953 0.16445055 0.1652961  0.16679635 0.1369519
 0.14085004 0.14150909 0.16153993 0.16750555 0.15931211 0.15776641
 0.16741626 0.17137317 0.16839839 0.17609295 0.18398329 0.18805085
 0.19052581 0.16043852 0.13187381 0.16649896 0.15928049 0.1538166
 0.13761303 0.16268794 0.15284056 0.15711976 0.15164101 0.1422957
 0.14976638 0.15224893 0.15511804 0.16152752 0.15693905 0.14696082
 0.14104077 0.13820244 0.16493983 0.1514261  0.13980064]",0.18773924927503532,0.03955065690501647
37.5,17.766541588052526,27.541666666666668,67.4464679702849,21.666666666666668,59.4532963295093,"[0.24915693 0.25355062 0.25326442 0.26209323 0.25756305 0.24180847
 0.24849162 0.24505088 0.24660797 0.25808886 0.2494616  0.2615556
 0.24537953 0.24208823 0.24037728 0.22863782 0.21539874 0.20716665
 0.20279528 0.20963365 0.21457369 0.21942025 0.2289286  0.21372966
 0.19796299 0.19052609 0.20137513 0.19448782 0.1774373  0.17590183
 0.18172771 0.17334953 0.16445055 0.1652961  0.16679635 0.1369519
 0.14085004 0.14150909 0.16153993 0.16750555 0.15931211 0.15776641
 0.16741626 0.17137317 0.16839839 0.17609295 0.18398329 0.18805085
 0.19052581 0.16043852 0.13187381 0.16649896 0.15928049 0.1538166
 0.13761303 0.16268794 0.15284056 0.15711976 0.15164101 0.1422957
 0.14976638 0.15224893 0.15511804 0.16152752 0.15693905 0.14696082
 0.14104077 0.13820244 0.16493983 0.1514261  0.13980064 0.14102461]",0.18709043479226428,0.03965371208038105
33.9,18.30546366525579,27.36986301369863,66.99877464618903,21.15068493150685,59.206782107086966,"[0.24915693 0.25355062 0.25326442 0.26209323 0.25756305 0.24180847
 0.24849162 0.24505088 0.24660797 0.25808886 0.2494616  0.2615556
 0.24537953 0.24208823 0.24037728 0.22863782 0.21539874 0.20716665
 0.20279528 0.20963365 0.21457369 0.21942025 0.2289286  0.21372966
 0.19796299 0.19052609 0.20137513 0.19448782 0.1774373  0.17590183
 0.18172771 0.17334953 0.16445055 0.1652961  0.16679635 0.1369519
 0.14085004 0.14150909 0.16153993 0.16750555 0.15931211 0.15776641
 0.16741626 0.17137317 0.16839839 0.17609295 0.18398329 0.18805085
 0.19052581 0.16043852 0.13187381 0.16649896 0.15928049 0.1538166
 0.13761303 0.16268794 0.15284056 0.15711976 0.15164101 0.1422957
 0.14976638 0.15224893 0.15511804 0.16152752 0.15693905 0.14696082
 0.14104077 0.13820244 0.16493983 0.1514261  0.13980064 0.14102461
 0.14502064]",0.18651413623265622,0.03968361836596453
35.0,18.957847979135185,27.68918918918919,66.60044754246101,21.972972972972972,59.2235738703115,"[0.24915693 0.25355062 0.25326442 0.26209323 0.25756305 0.24180847
 0.24849162 0.24505088 0.24660797 0.25808886 0.2494616  0.2615556
 0.24537953 0.24208823 0.24037728 0.22863782 0.21539874 0.20716665
 0.20279528 0.20963365 0.21457369 0.21942025 0.2289286  0.21372966
 0.19796299 0.19052609 0.20137513 0.19448782 0.1774373  0.17590183
 0.18172771 0.17334953 0.16445055 0.1652961  0.16679635 0.1369519
 0.14085004 0.14150909 0.16153993 0.16750555 0.15931211 0.15776641
 0.16741626 0.17137317 0.16839839 0.17609295 0.18398329 0.18805085
 0.19052581 0.16043852 0.13187381 0.16649896 0.15928049 0.1538166
 0.13761303 0.16268794 0.15284056 0.15711976 0.15164101 0.1422957
 0.14976638 0.15224893 0.15511804 0.16152752 0.15693905 0.14696082
 0.14104077 0.13820244 0.16493983 0.1514261  0.13980064 0.14102461
 0.14502064 0.15883484]",0.18614009169309884,0.03954392502912332
37.6,18.216476058777122,27.906666666666666,66.18140188569261,22.066666666666666,58.83294617436353,"[0.24915693 0.25355062 0.25326442 0.26209323 0.25756305 0.24180847
 0.24849162 0.24505088 0.24660797 0.25808886 0.2494616  0.2615556
 0.24537953 0.24208823 0.24037728 0.22863782 0.21539874 0.20716665
 0.20279528 0.20963365 0.21457369 0.21942025 0.2289286  0.21372966
 0.19796299 0.19052609 0.20137513 0.19448782 0.1774373  0.17590183
 0.18172771 0.17334953 0.16445055 0.1652961  0.16679635 0.1369519
 0.14085004 0.14150909 0.16153993 0.16750555 0.15931211 0.15776641
 0.16741626 0.17137317 0.16839839 0.17609295 0.18398329 0.18805085
 0.19052581 0.16043852 0.13187381 0.16649896 0.15928049 0.1538166
 0.13761303 0.16268794 0.15284056 0.15711976 0.15164101 0.1422957
 0.14976638 0.15224893 0.15511804 0.16152752 0.15693905 0.14696082
 0.14104077 0.13820244 0.16493983 0.1514261  0.13980064 0.14102461
 0.14502064 0.15883484 0.14293491]",0.1855640225883934,0.03959077790779208
37.6,18.216476058777122,28.0,65.74952471311104,21.19736842105263,58.927479903790505,"[0.24915693 0.25355062 0.25326442 0.26209323 0.25756305 0.24180847
 0.24849162 0.24505088 0.24660797 0.25808886 0.2494616  0.2615556
 0.24537953 0.24208823 0.24037728 0.22863782 0.21539874 0.20716665
 0.20279528 0.20963365 0.21457369 0.21942025 0.2289286  0.21372966
 0.19796299 0.19052609 0.20137513 0.19448782 0.1774373  0.17590183
 0.18172771 0.17334953 0.16445055 0.1652961  0.16679635 0.1369519
 0.14085004 0.14150909 0.16153993 0.16750555 0.15931211 0.15776641
 0.16741626 0.17137317 0.16839839 0.17609295 0.18398329 0.18805085
 0.19052581 0.16043852 0.13187381 0.16649896 0.15928049 0.1538166
 0.13761303 0.16268794 0.15284056 0.15711976 0.15164101 0.1422957
 0.14976638 0.15224893 0.15511804 0.16152752 0.15693905 0.14696082
 0.14104077 0.13820244 0.16493983 0.1514261  0.13980064 0.14102461
 0.14502064 0.15883484 0.14293491 0.11627234]",0.1846522898778304,0.04011421020746478
42.7,25.5266527378738,28.896103896103895,65.78666513432414,21.376623376623378,58.56443647613495,"[0.24915693 0.25355062 0.25326442 0.26209323 0.25756305 0.24180847
 0.24849162 0.24505088 0.24660797 0.25808886 0.2494616  0.2615556
 0.24537953 0.24208823 0.24037728 0.22863782 0.21539874 0.20716665
 0.20279528 0.20963365 0.21457369 0.21942025 0.2289286  0.21372966
 0.19796299 0.19052609 0.20137513 0.19448782 0.1774373  0.17590183
 0.18172771 0.17334953 0.16445055 0.1652961  0.16679635 0.1369519
 0.14085004 0.14150909 0.16153993 0.16750555 0.15931211 0.15776641
 0.16741626 0.17137317 0.16839839 0.17609295 0.18398329 0.18805085
 0.19052581 0.16043852 0.13187381 0.16649896 0.15928049 0.1538166
 0.13761303 0.16268794 0.15284056 0.15711976 0.15164101 0.1422957
 0.14976638 0.15224893 0.15511804 0.16152752 0.15693905 0.14696082
 0.14104077 0.13820244 0.16493983 0.1514261  0.13980064 0.14102461
 0.14502064 0.15883484 0.14293491 0.11627234 0.13858172]",0.18405397083195538,0.04019276952589027
45.8,27.541967976163214,29.512820512820515,65.58723757767473,21.94871794871795,58.403964002256366,"[0.24915693 0.25355062 0.25326442 0.26209323 0.25756305 0.24180847
 0.24849162 0.24505088 0.24660797 0.25808886 0.2494616  0.2615556
 0.24537953 0.24208823 0.24037728 0.22863782 0.21539874 0.20716665
 0.20279528 0.20963365 0.21457369 0.21942025 0.2289286  0.21372966
 0.19796299 0.19052609 0.20137513 0.19448782 0.1774373  0.17590183
 0.18172771 0.17334953 0.16445055 0.1652961  0.16679635 0.1369519
 0.14085004 0.14150909 0.16153993 0.16750555 0.15931211 0.15776641
 0.16741626 0.17137317 0.16839839 0.17609295 0.18398329 0.18805085
 0.19052581 0.16043852 0.13187381 0.16649896 0.15928049 0.1538166
 0.13761303 0.16268794 0.15284056 0.15711976 0.15164101 0.1422957
 0.14976638 0.15224893 0.15511804 0.16152752 0.15693905 0.14696082
 0.14104077 0.13820244 0.16493983 0.1514261  0.13980064 0.14102461
 0.14502064 0.15883484 0.14293491 0.11627234 0.13858172 0.1304796 ]",0.1833671199115298,0.040386551663806905
39.0,34.23448553724738,28.860759493670887,65.42475321772628,21.20253164556962,58.40612499240765,"[0.24915693 0.25355062 0.25326442 0.26209323 0.25756305 0.24180847
 0.24849162 0.24505088 0.24660797 0.25808886 0.2494616  0.2615556
 0.24537953 0.24208823 0.24037728 0.22863782 0.21539874 0.20716665
 0.20279528 0.20963365 0.21457369 0.21942025 0.2289286  0.21372966
 0.19796299 0.19052609 0.20137513 0.19448782 0.1774373  0.17590183
 0.18172771 0.17334953 0.16445055 0.1652961  0.16679635 0.1369519
 0.14085004 0.14150909 0.16153993 0.16750555 0.15931211 0.15776641
 0.16741626 0.17137317 0.16839839 0.17609295 0.18398329 0.18805085
 0.19052581 0.16043852 0.13187381 0.16649896 0.15928049 0.1538166
 0.13761303 0.16268794 0.15284056 0.15711976 0.15164101 0.1422957
 0.14976638 0.15224893 0.15511804 0.16152752 0.15693905 0.14696082
 0.14104077 0.13820244 0.16493983 0.1514261  0.13980064 0.14102461
 0.14502064 0.15883484 0.14293491 0.11627234 0.13858172 0.1304796
 0.11586368]",0.1825126459607509,0.0408335261976367
30.4,41.852598485637664,27.975,65.48949820391051,20.8,58.150107480554155,"[0.24915693 0.25355062 0.25326442 0.26209323 0.25756305 0.24180847
 0.24849162 0.24505088 0.24660797 0.25808886 0.2494616  0.2615556
 0.24537953 0.24208823 0.24037728 0.22863782 0.21539874 0.20716665
 0.20279528 0.20963365 0.21457369 0.21942025 0.2289286  0.21372966
 0.19796299 0.19052609 0.20137513 0.19448782 0.1774373  0.17590183
 0.18172771 0.17334953 0.16445055 0.1652961  0.16679635 0.1369519
 0.14085004 0.14150909 0.16153993 0.16750555 0.15931211 0.15776641
 0.16741626 0.17137317 0.16839839 0.17609295 0.18398329 0.18805085
 0.19052581 0.16043852 0.13187381 0.16649896 0.15928049 0.1538166
 0.13761303 0.16268794 0.15284056 0.15711976 0.15164101 0.1422957
 0.14976638 0.15224893 0.15511804 0.16152752 0.15693905 0.14696082
 0.14104077 0.13820244 0.16493983 0.1514261  0.13980064 0.14102461
 0.14502064 0.15883484 0.14293491 0.11627234 0.13858172 0.1304796
 0.11586368 0.14271519]",0.18201517772921025,0.04081770630046967
41.9,45.62554109268185,28.962962962962962,65.68113103423921,20.790123456790123,57.79010895107701,"[0.24915693 0.25355062 0.25326442 0.26209323 0.25756305 0.24180847
 0.24849162 0.24505088 0.24660797 0.25808886 0.2494616  0.2615556
 0.24537953 0.24208823 0.24037728 0.22863782 0.21539874 0.20716665
 0.20279528 0.20963365 0.21457369 0.21942025 0.2289286  0.21372966
 0.19796299 0.19052609 0.20137513 0.19448782 0.1774373  0.17590183
 0.18172771 0.17334953 0.16445055 0.1652961  0.16679635 0.1369519
 0.14085004 0.14150909 0.16153993 0.16750555 0.15931211 0.15776641
 0.16741626 0.17137317 0.16839839 0.17609295 0.18398329 0.18805085
 0.19052581 0.16043852 0.13187381 0.16649896 0.15928049 0.1538166
 0.13761303 0.16268794 0.15284056 0.15711976 0.15164101 0.1422957
 0.14976638 0.15224893 0.15511804 0.16152752 0.15693905 0.14696082
 0.14104077 0.13820244 0.16493983 0.1514261  0.13980064 0.14102461
 0.14502064 0.15883484 0.14293491 0.11627234 0.13858172 0.1304796
 0.11586368 0.14271519 0.1673326 ]",0.1818339113924711,0.04059734959302509
44.5,47.072815934464764,29.609756097560975,65.53843707387942,20.609756097560975,57.45958412012382,"[0.24915693 0.25355062 0.25326442 0.26209323 0.25756305 0.24180847
 0.24849162 0.24505088 0.24660797 0.25808886 0.2494616  0.2615556
 0.24537953 0.24208823 0.24037728 0.22863782 0.21539874 0.20716665
 0.20279528 0.20963365 0.21457369 0.21942025 0.2289286  0.21372966
 0.19796299 0.19052609 0.20137513 0.19448782 0.1774373  0.17590183
 0.18172771 0.17334953 0.16445055 0.1652961  0.16679635 0.1369519
 0.14085004 0.14150909 0.16153993 0.16750555 0.15931211 0.15776641
 0.16741626 0.17137317 0.16839839 0.17609295 0.18398329 0.18805085
 0.19052581 0.16043852 0.13187381 0.16649896 0.15928049 0.1538166
 0.13761303 0.16268794 0.15284056 0.15711976 0.15164101 0.1422957
 0.14976638 0.15224893 0.15511804 0.16152752 0.15693905 0.14696082
 0.14104077 0.13820244 0.16493983 0.1514261  0.13980064 0.14102461
 0.14502064 0.15883484 0.14293491 0.11627234 0.13858172 0.1304796
 0.11586368 0.14271519 0.1673326  0.13877674]",0.18130882390068548,0.04062485118765198
38.4,53.95034754290282,28.698795180722893,65.66265281308718,19.433734939759034,58.09676032920442,"[0.24915693 0.25355062 0.25326442 0.26209323 0.25756305 0.24180847
 0.24849162 0.24505088 0.24660797 0.25808886 0.2494616  0.2615556
 0.24537953 0.24208823 0.24037728 0.22863782 0.21539874 0.20716665
 0.20279528 0.20963365 0.21457369 0.21942025 0.2289286  0.21372966
 0.19796299 0.19052609 0.20137513 0.19448782 0.1774373  0.17590183
 0.18172771 0.17334953 0.16445055 0.1652961  0.16679635 0.1369519
 0.14085004 0.14150909 0.16153993 0.16750555 0.15931211 0.15776641
 0.16741626 0.17137317 0.16839839 0.17609295 0.18398329 0.18805085
 0.19052581 0.16043852 0.13187381 0.16649896 0.15928049 0.1538166
 0.13761303 0.16268794 0.15284056 0.15711976 0.15164101 0.1422957
 0.14976638 0.15224893 0.15511804 0.16152752 0.15693905 0.14696082
 0.14104077 0.13820244 0.16493983 0.1514261  0.13980064 0.14102461
 0.14502064 0.15883484 0.14293491 0.11627234 0.13858172 0.1304796
 0.11586368 0.14271519 0.1673326  0.13877674 0.12439623]",0.18062313000191385,0.040853994876466924
31.3,56.439436566996314,28.11904761904762,65.4839865488584,19.214285714285715,57.784507609980466,"[0.24915693 0.25355062 0.25326442 0.26209323 0.25756305 0.24180847
 0.24849162 0.24505088 0.24660797 0.25808886 0.2494616  0.2615556
 0.24537953 0.24208823 0.24037728 0.22863782 0.21539874 0.20716665
 0.20279528 0.20963365 0.21457369 0.21942025 0.2289286  0.21372966
 0.19796299 0.19052609 0.20137513 0.19448782 0.1774373  0.17590183
 0.18172771 0.17334953 0.16445055 0.1652961  0.16679635 0.1369519
 0.14085004 0.14150909 0.16153993 0.16750555 0.15931211 0.15776641
 0.16741626 0.17137317 0.16839839 0.17609295 0.18398329 0.18805085
 0.19052581 0.16043852 0.13187381 0.16649896 0.15928049 0.1538166
 0.13761303 0.16268794 0.15284056 0.15711976 0.15164101 0.1422957
 0.14976638 0.15224893 0.15511804 0.16152752 0.15693905 0.14696082
 0.14104077 0.13820244 0.16493983 0.1514261  0.13980064 0.14102461
 0.14502064 0.15883484 0.14293491 0.11627234 0.13858172 0.1304796
 0.11586368 0.14271519 0.1673326  0.13877674 0.12439623 0.11911983]",0.17989094784340748,0.041154280419348155
32.4,56.7823916368446,28.435294117647057,65.1621411302468,19.223529411764705,57.443655559285574,"[0.24915693 0.25355062 0.25326442 0.26209323 0.25756305 0.24180847
 0.24849162 0.24505088 0.24660797 0.25808886 0.2494616  0.2615556
 0.24537953 0.24208823 0.24037728 0.22863782 0.21539874 0.20716665
 0.20279528 0.20963365 0.21457369 0.21942025 0.2289286  0.21372966
 0.19796299 0.19052609 0.20137513 0.19448782 0.1774373  0.17590183
 0.18172771 0.17334953 0.16445055 0.1652961  0.16679635 0.1369519
 0.14085004 0.14150909 0.16153993 0.16750555 0.15931211 0.15776641
 0.16741626 0.17137317 0.16839839 0.17609295 0.18398329 0.18805085
 0.19052581 0.16043852 0.13187381 0.16649896 0.15928049 0.1538166
 0.13761303 0.16268794 0.15284056 0.15711976 0.15164101 0.1422957
 0.14976638 0.15224893 0.15511804 0.16152752 0.15693905 0.14696082
 0.14104077 0.13820244 0.16493983 0.1514261  0.13980064 0.14102461
 0.14502064 0.15883484 0.14293491 0.11627234 0.13858172 0.1304796
 0.11586368 0.14271519 0.1673326  0.13877674 0.12439623 0.11911983
 0.12972386]",0.17930074682867492,0.0412675361387581
30.9,56.89191506708137,28.337209302325583,64.788494970821,19.174418604651162,57.11049914887868,"[0.24915693 0.25355062 0.25326442 0.26209323 0.25756305 0.24180847
 0.24849162 0.24505088 0.24660797 0.25808886 0.2494616  0.2615556
 0.24537953 0.24208823 0.24037728 0.22863782 0.21539874 0.20716665
 0.20279528 0.20963365 0.21457369 0.21942025 0.2289286  0.21372966
 0.19796299 0.19052609 0.20137513 0.19448782 0.1774373  0.17590183
 0.18172771 0.17334953 0.16445055 0.1652961  0.16679635 0.1369519
 0.14085004 0.14150909 0.16153993 0.16750555 0.15931211 0.15776641
 0.16741626 0.17137317 0.16839839 0.17609295 0.18398329 0.18805085
 0.19052581 0.16043852 0.13187381 0.16649896 0.15928049 0.1538166
 0.13761303 0.16268794 0.15284056 0.15711976 0.15164101 0.1422957
 0.14976638 0.15224893 0.15511804 0.16152752 0.15693905 0.14696082
 0.14104077 0.13820244 0.16493983 0.1514261  0.13980064 0.14102461
 0.14502064 0.15883484 0.14293491 0.11627234 0.13858172 0.1304796
 0.11586368 0.14271519 0.1673326  0.13877674 0.12439623 0.11911983
 0.12972386 0.13826613]",0.17882360016213109,0.041262076565323366
23.7,52.45388450820396,28.298850574712645,64.41605335406155,19.839080459770116,57.11490204785486,"[0.24915693 0.25355062 0.25326442 0.26209323 0.25756305 0.24180847
 0.24849162 0.24505088 0.24660797 0.25808886 0.2494616  0.2615556
 0.24537953 0.24208823 0.24037728 0.22863782 0.21539874 0.20716665
 0.20279528 0.20963365 0.21457369 0.21942025 0.2289286  0.21372966
 0.19796299 0.19052609 0.20137513 0.19448782 0.1774373  0.17590183
 0.18172771 0.17334953 0.16445055 0.1652961  0.16679635 0.1369519
 0.14085004 0.14150909 0.16153993 0.16750555 0.15931211 0.15776641
 0.16741626 0.17137317 0.16839839 0.17609295 0.18398329 0.18805085
 0.19052581 0.16043852 0.13187381 0.16649896 0.15928049 0.1538166
 0.13761303 0.16268794 0.15284056 0.15711976 0.15164101 0.1422957
 0.14976638 0.15224893 0.15511804 0.16152752 0.15693905 0.14696082
 0.14104077 0.13820244 0.16493983 0.1514261  0.13980064 0.14102461
 0.14502064 0.15883484 0.14293491 0.11627234 0.13858172 0.1304796
 0.11586368 0.14271519 0.1673326  0.13877674 0.12439623 0.11911983
 0.12972386 0.13826613 0.15225873]",0.178518256881231,0.04112186143508212
16.9,49.423577369510596,28.079545454545453,64.08166338049888,19.988636363636363,56.8065885899814,"[0.24915693 0.25355062 0.25326442 0.26209323 0.25756305 0.24180847
 0.24849162 0.24505088 0.24660797 0.25808886 0.2494616  0.2615556
 0.24537953 0.24208823 0.24037728 0.22863782 0.21539874 0.20716665
 0.20279528 0.20963365 0.21457369 0.21942025 0.2289286  0.21372966
 0.19796299 0.19052609 0.20137513 0.19448782 0.1774373  0.17590183
 0.18172771 0.17334953 0.16445055 0.1652961  0.16679635 0.1369519
 0.14085004 0.14150909 0.16153993 0.16750555 0.15931211 0.15776641
 0.16741626 0.17137317 0.16839839 0.17609295 0.18398329 0.18805085
 0.19052581 0.16043852 0.13187381 0.16649896 0.15928049 0.1538166
 0.13761303 0.16268794 0.15284056 0.15711976 0.15164101 0.1422957
 0.14976638 0.15224893 0.15511804 0.16152752 0.15693905 0.14696082
 0.14104077 0.13820244 0.16493983 0.1514261  0.13980064 0.14102461
 0.14502064 0.15883484 0.14293491 0.11627234 0.13858172 0.1304796
 0.11586368 0.14271519 0.1673326  0.13877674 0.12439623 0.11911983
 0.12972386 0.13826613 0.15225873 0.13536197]",0.1780278445740005,0.041142622203862986
24.4,48.63578929142612,28.359550561797754,63.774752355460016,19.426966292134832,56.73175351678064,"[0.24915693 0.25355062 0.25326442 0.26209323 0.25756305 0.24180847
 0.24849162 0.24505088 0.24660797 0.25808886 0.2494616  0.2615556
 0.24537953 0.24208823 0.24037728 0.22863782 0.21539874 0.20716665
 0.20279528 0.20963365 0.21457369 0.21942025 0.2289286  0.21372966
 0.19796299 0.19052609 0.20137513 0.19448782 0.1774373  0.17590183
 0.18172771 0.17334953 0.16445055 0.1652961  0.16679635 0.1369519
 0.14085004 0.14150909 0.16153993 0.16750555 0.15931211 0.15776641
 0.16741626 0.17137317 0.16839839 0.17609295 0.18398329 0.18805085
 0.19052581 0.16043852 0.13187381 0.16649896 0.15928049 0.1538166
 0.13761303 0.16268794 0.15284056 0.15711976 0.15164101 0.1422957
 0.14976638 0.15224893 0.15511804 0.16152752 0.15693905 0.14696082
 0.14104077 0.13820244 0.16493983 0.1514261  0.13980064 0.14102461
 0.14502064 0.15883484 0.14293491 0.11627234 0.13858172 0.1304796
 0.11586368 0.14271519 0.1673326  0.13877674 0.12439623 0.11911983
 0.12972386 0.13826613 0.15225873 0.13536197 0.11445977]",0.17731359651107806,0.04145587188898315
29.3,43.940983147854126,28.122222222222224,63.45896798155444,19.288888888888888,56.43073324280828,"[0.24915693 0.25355062 0.25326442 0.26209323 0.25756305 0.24180847
 0.24849162 0.24505088 0.24660797 0.25808886 0.2494616  0.2615556
 0.24537953 0.24208823 0.24037728 0.22863782 0.21539874 0.20716665
 0.20279528 0.20963365 0.21457369 0.21942025 0.2289286  0.21372966
 0.19796299 0.19052609 0.20137513 0.19448782 0.1774373  0.17590183
 0.18172771 0.17334953 0.16445055 0.1652961  0.16679635 0.1369519
 0.14085004 0.14150909 0.16153993 0.16750555 0.15931211 0.15776641
 0.16741626 0.17137317 0.16839839 0.17609295 0.18398329 0.18805085
 0.19052581 0.16043852 0.13187381 0.16649896 0.15928049 0.1538166
 0.13761303 0.16268794 0.15284056 0.15711976 0.15164101 0.1422957
 0.14976638 0.15224893 0.15511804 0.16152752 0.15693905 0.14696082
 0.14104077 0.13820244 0.16493983 0.1514261  0.13980064 0.14102461
 0.14502064 0.15883484 0.14293491 0.11627234 0.13858172 0.1304796
 0.11586368 0.14271519 0.1673326  0.13877674 0.12439623 0.11911983
 0.12972386 0.13826613 0.15225873 0.13536197 0.11445977 0.07840488]",0.17621461073730485,0.04250865068792229
24.9,37.58310790767576,28.516483516483518,63.22006960468453,19.802197802197803,56.330699334176195,"[0.24915693 0.25355062 0.25326442 0.26209323 0.25756305 0.24180847
 0.24849162 0.24505088 0.24660797 0.25808886 0.2494616  0.2615556
 0.24537953 0.24208823 0.24037728 0.22863782 0.21539874 0.20716665
 0.20279528 0.20963365 0.21457369 0.21942025 0.2289286  0.21372966
 0.19796299 0.19052609 0.20137513 0.19448782 0.1774373  0.17590183
 0.18172771 0.17334953 0.16445055 0.1652961  0.16679635 0.1369519
 0.14085004 0.14150909 0.16153993 0.16750555 0.15931211 0.15776641
 0.16741626 0.17137317 0.16839839 0.17609295 0.18398329 0.18805085
 0.19052581 0.16043852 0.13187381 0.16649896 0.15928049 0.1538166
 0.13761303 0.16268794 0.15284056 0.15711976 0.15164101 0.1422957
 0.14976638 0.15224893 0.15511804 0.16152752 0.15693905 0.14696082
 0.14104077 0.13820244 0.16493983 0.1514261  0.13980064 0.14102461
 0.14502064 0.15883484 0.14293491 0.11627234 0.13858172 0.1304796
 0.11586368 0.14271519 0.1673326  0.13877674 0.12439623 0.11911983
 0.12972386 0.13826613 0.15225873 0.13536197 0.11445977 0.07840488
 0.13507132]",0.175762486608946,0.042491479870011915
20.2,32.78048199767661,28.58695652173913,62.879137373410245,19.684782608695652,56.03491329128151,"[0.24915693 0.25355062 0.25326442 0.26209323 0.25756305 0.24180847
 0.24849162 0.24505088 0.24660797 0.25808886 0.2494616  0.2615556
 0.24537953 0.24208823 0.24037728 0.22863782 0.21539874 0.20716665
 0.20279528 0.20963365 0.21457369 0.21942025 0.2289286  0.21372966
 0.19796299 0.19052609 0.20137513 0.19448782 0.1774373  0.17590183
 0.18172771 0.17334953 0.16445055 0.1652961  0.16679635 0.1369519
 0.14085004 0.14150909 0.16153993 0.16750555 0.15931211 0.15776641
 0.16741626 0.17137317 0.16839839 0.17609295 0.18398329 0.18805085
 0.19052581 0.16043852 0.13187381 0.16649896 0.15928049 0.1538166
 0.13761303 0.16268794 0.15284056 0.15711976 0.15164101 0.1422957
 0.14976638 0.15224893 0.15511804 0.16152752 0.15693905 0.14696082
 0.14104077 0.13820244 0.16493983 0.1514261  0.13980064 0.14102461
 0.14502064 0.15883484 0.14293491 0.11627234 0.13858172 0.1304796
 0.11586368 0.14271519 0.1673326  0.13877674 0.12439623 0.11911983
 0.12972386 0.13826613 0.15225873 0.13536197 0.11445977 0.07840488
 0.13507132 0.14819601]",0.17546285095981368,0.04235647174828077
33.0,29.230121450312176,29.161290322580644,62.78231555718667,19.666666666666668,55.733106960491014,"[0.24915693 0.25355062 0.25326442 0.26209323 0.25756305 0.24180847
 0.24849162 0.24505088 0.24660797 0.25808886 0.2494616  0.2615556
 0.24537953 0.24208823 0.24037728 0.22863782 0.21539874 0.20716665
 0.20279528 0.20963365 0.21457369 0.21942025 0.2289286  0.21372966
 0.19796299 0.19052609 0.20137513 0.19448782 0.1774373  0.17590183
 0.18172771 0.17334953 0.16445055 0.1652961  0.16679635 0.1369519
 0.14085004 0.14150909 0.16153993 0.16750555 0.15931211 0.15776641
 0.16741626 0.17137317 0.16839839 0.17609295 0.18398329 0.18805085
 0.19052581 0.16043852 0.13187381 0.16649896 0.15928049 0.1538166
 0.13761303 0.16268794 0.15284056 0.15711976 0.15164101 0.1422957
 0.14976638 0.15224893 0.15511804 0.16152752 0.15693905 0.14696082
 0.14104077 0.13820244 0.16493983 0.1514261  0.13980064 0.14102461
 0.14502064 0.15883484 0.14293491 0.11627234 0.13858172 0.1304796
 0.11586368 0.14271519 0.1673326  0.13877674 0.12439623 0.11911983
 0.12972386 0.13826613 0.15225873 0.13536197 0.11445977 0.07840488
 0.13507132 0.14819601 0.1332149 ]",0.17500857188934937,0.042352870124392455
35.2,25.78294009611782,28.872340425531913,62.50961356575027,18.30851063829787,56.96210509567513,"[0.24915693 0.25355062 0.25326442 0.26209323 0.25756305 0.24180847
 0.24849162 0.24505088 0.24660797 0.25808886 0.2494616  0.2615556
 0.24537953 0.24208823 0.24037728 0.22863782 0.21539874 0.20716665
 0.20279528 0.20963365 0.21457369 0.21942025 0.2289286  0.21372966
 0.19796299 0.19052609 0.20137513 0.19448782 0.1774373  0.17590183
 0.18172771 0.17334953 0.16445055 0.1652961  0.16679635 0.1369519
 0.14085004 0.14150909 0.16153993 0.16750555 0.15931211 0.15776641
 0.16741626 0.17137317 0.16839839 0.17609295 0.18398329 0.18805085
 0.19052581 0.16043852 0.13187381 0.16649896 0.15928049 0.1538166
 0.13761303 0.16268794 0.15284056 0.15711976 0.15164101 0.1422957
 0.14976638 0.15224893 0.15511804 0.16152752 0.15693905 0.14696082
 0.14104077 0.13820244 0.16493983 0.1514261  0.13980064 0.14102461
 0.14502064 0.15883484 0.14293491 0.11627234 0.13858172 0.1304796
 0.11586368 0.14271519 0.1673326  0.13877674 0.12439623 0.11911983
 0.12972386 0.13826613 0.15225873 0.13536197 0.11445977 0.07840488
 0.13507132 0.14819601 0.1332149  0.08432302]",0.1740438319666964,0.04314209365495059
15.8,57.304101074879455,27.105263157894736,64.49683365287429,16.6,59.03315749822743,"[0.24915693 0.25355062 0.25326442 0.26209323 0.25756305 0.24180847
 0.24849162 0.24505088 0.24660797 0.25808886 0.2494616  0.2615556
 0.24537953 0.24208823 0.24037728 0.22863782 0.21539874 0.20716665
 0.20279528 0.20963365 0.21457369 0.21942025 0.2289286  0.21372966
 0.19796299 0.19052609 0.20137513 0.19448782 0.1774373  0.17590183
 0.18172771 0.17334953 0.16445055 0.1652961  0.16679635 0.1369519
 0.14085004 0.14150909 0.16153993 0.16750555 0.15931211 0.15776641
 0.16741626 0.17137317 0.16839839 0.17609295 0.18398329 0.18805085
 0.19052581 0.16043852 0.13187381 0.16649896 0.15928049 0.1538166
 0.13761303 0.16268794 0.15284056 0.15711976 0.15164101 0.1422957
 0.14976638 0.15224893 0.15511804 0.16152752 0.15693905 0.14696082
 0.14104077 0.13820244 0.16493983 0.1514261  0.13980064 0.14102461
 0.14502064 0.15883484 0.14293491 0.11627234 0.13858172 0.1304796
 0.11586368 0.14271519 0.1673326  0.13877674 0.12439623 0.11911983
 0.12972386 0.13826613 0.15225873 0.13536197 0.11445977 0.07840488
 0.13507132 0.14819601 0.1332149  0.08432302 0.03082126]",0.17253622595155416,0.04533540092093854
2.6,68.85521040560401,25.65625,65.69608501225548,15.375,59.92638713455034,"[0.24915693 0.25355062 0.25326442 0.26209323 0.25756305 0.24180847
 0.24849162 0.24505088 0.24660797 0.25808886 0.2494616  0.2615556
 0.24537953 0.24208823 0.24037728 0.22863782 0.21539874 0.20716665
 0.20279528 0.20963365 0.21457369 0.21942025 0.2289286  0.21372966
 0.19796299 0.19052609 0.20137513 0.19448782 0.1774373  0.17590183
 0.18172771 0.17334953 0.16445055 0.1652961  0.16679635 0.1369519
 0.14085004 0.14150909 0.16153993 0.16750555 0.15931211 0.15776641
 0.16741626 0.17137317 0.16839839 0.17609295 0.18398329 0.18805085
 0.19052581 0.16043852 0.13187381 0.16649896 0.15928049 0.1538166
 0.13761303 0.16268794 0.15284056 0.15711976 0.15164101 0.1422957
 0.14976638 0.15224893 0.15511804 0.16152752 0.15693905 0.14696082
 0.14104077 0.13820244 0.16493983 0.1514261  0.13980064 0.14102461
 0.14502064 0.15883484 0.14293491 0.11627234 0.13858172 0.1304796
 0.11586368 0.14271519 0.1673326  0.13877674 0.12439623 0.11911983
 0.12972386 0.13826613 0.15225873 0.13536197 0.11445977 0.07840488
 0.13507132 0.14819601 0.1332149  0.08432302 0.03082126 0.04986013]",0.1712583499301877,0.04678697568188288
-6.3,71.1,24.7319587628866,65.98102124250947,15.577319587628866,59.649635985710425,"[0.24915693 0.25355062 0.25326442 0.26209323 0.25756305 0.24180847
 0.24849162 0.24505088 0.24660797 0.25808886 0.2494616  0.2615556
 0.24537953 0.24208823 0.24037728 0.22863782 0.21539874 0.20716665
 0.20279528 0.20963365 0.21457369 0.21942025 0.2289286  0.21372966
 0.19796299 0.19052609 0.20137513 0.19448782 0.1774373  0.17590183
 0.18172771 0.17334953 0.16445055 0.1652961  0.16679635 0.1369519
 0.14085004 0.14150909 0.16153993 0.16750555 0.15931211 0.15776641
 0.16741626 0.17137317 0.16839839 0.17609295 0.18398329 0.18805085
 0.19052581 0.16043852 0.13187381 0.16649896 0.15928049 0.1538166
 0.13761303 0.16268794 0.15284056 0.15711976 0.15164101 0.1422957
 0.14976638 0.15224893 0.15511804 0.16152752 0.15693905 0.14696082
 0.14104077 0.13820244 0.16493983 0.1514261  0.13980064 0.14102461
 0.14502064 0.15883484 0.14293491 0.11627234 0.13858172 0.1304796
 0.11586368 0.14271519 0.1673326  0.13877674 0.12439623 0.11911983
 0.12972386 0.13826613 0.15225873 0.13536197 0.11445977 0.07840488
 0.13507132 0.14819601 0.1332149  0.08432302 0.03082126 0.04986013
 0.11659422]",0.17069480222547959,0.046871549186854856
-2.6,72.74365951751396,24.948979591836736,65.67830885506119,16.20408163265306,59.66470244653997,"[0.24915693 0.25355062 0.25326442 0.26209323 0.25756305 0.24180847
 0.24849162 0.24505088 0.24660797 0.25808886 0.2494616  0.2615556
 0.24537953 0.24208823 0.24037728 0.22863782 0.21539874 0.20716665
 0.20279528 0.20963365 0.21457369 0.21942025 0.2289286  0.21372966
 0.19796299 0.19052609 0.20137513 0.19448782 0.1774373  0.17590183
 0.18172771 0.17334953 0.16445055 0.1652961  0.16679635 0.1369519
 0.14085004 0.14150909 0.16153993 0.16750555 0.15931211 0.15776641
 0.16741626 0.17137317 0.16839839 0.17609295 0.18398329 0.18805085
 0.19052581 0.16043852 0.13187381 0.16649896 0.15928049 0.1538166
 0.13761303 0.16268794 0.15284056 0.15711976 0.15164101 0.1422957
 0.14976638 0.15224893 0.15511804 0.16152752 0.15693905 0.14696082
 0.14104077 0.13820244 0.16493983 0.1514261  0.13980064 0.14102461
 0.14502064 0.15883484 0.14293491 0.11627234 0.13858172 0.1304796
 0.11586368 0.14271519 0.1673326  0.13877674 0.12439623 0.11911983
 0.12972386 0.13826613 0.15225873 0.13536197 0.11445977 0.07840488
 0.13507132 0.14819601 0.1332149  0.08432302 0.03082126 0.04986013
 0.11659422 0.15028563]",0.17048654539715022,0.046676882118920474
-0.2,74.9023364121574,25.474747474747474,65.55271507130014,16.606060606060606,59.495830968757744,"[0.24915693 0.25355062 0.25326442 0.26209323 0.25756305 0.24180847
 0.24849162 0.24505088 0.24660797 0.25808886 0.2494616  0.2615556
 0.24537953 0.24208823 0.24037728 0.22863782 0.21539874 0.20716665
 0.20279528 0.20963365 0.21457369 0.21942025 0.2289286  0.21372966
 0.19796299 0.19052609 0.20137513 0.19448782 0.1774373  0.17590183
 0.18172771 0.17334953 0.16445055 0.1652961  0.16679635 0.1369519
 0.14085004 0.14150909 0.16153993 0.16750555 0.15931211 0.15776641
 0.16741626 0.17137317 0.16839839 0.17609295 0.18398329 0.18805085
 0.19052581 0.16043852 0.13187381 0.16649896 0.15928049 0.1538166
 0.13761303 0.16268794 0.15284056 0.15711976 0.15164101 0.1422957
 0.14976638 0.15224893 0.15511804 0.16152752 0.15693905 0.14696082
 0.14104077 0.13820244 0.16493983 0.1514261  0.13980064 0.14102461
 0.14502064 0.15883484 0.14293491 0.11627234 0.13858172 0.1304796
 0.11586368 0.14271519 0.1673326  0.13877674 0.12439623 0.11911983
 0.12972386 0.13826613 0.15225873 0.13536197 0.11445977 0.07840488
 0.13507132 0.14819601 0.1332149  0.08432302 0.03082126 0.04986013
 0.11659422 0.15028563 0.13994026]",0.1701779970634226,0.046540882463755796
4.5,76.66061570324099,25.76,65.28585145343514,16.93,59.28528569552483,"[0.24915693 0.25355062 0.25326442 0.26209323 0.25756305 0.24180847
 0.24849162 0.24505088 0.24660797 0.25808886 0.2494616  0.2615556
 0.24537953 0.24208823 0.24037728 0.22863782 0.21539874 0.20716665
 0.20279528 0.20963365 0.21457369 0.21942025 0.2289286  0.21372966
 0.19796299 0.19052609 0.20137513 0.19448782 0.1774373  0.17590183
 0.18172771 0.17334953 0.16445055 0.1652961  0.16679635 0.1369519
 0.14085004 0.14150909 0.16153993 0.16750555 0.15931211 0.15776641
 0.16741626 0.17137317 0.16839839 0.17609295 0.18398329 0.18805085
 0.19052581 0.16043852 0.13187381 0.16649896 0.15928049 0.1538166
 0.13761303 0.16268794 0.15284056 0.15711976 0.15164101 0.1422957
 0.14976638 0.15224893 0.15511804 0.16152752 0.15693905 0.14696082
 0.14104077 0.13820244 0.16493983 0.1514261  0.13980064 0.14102461
 0.14502064 0.15883484 0.14293491 0.11627234 0.13858172 0.1304796
 0.11586368 0.14271519 0.1673326  0.13877674 0.12439623 0.11911983
 0.12972386 0.13826613 0.15225873 0.13536197 0.11445977 0.07840488
 0.13507132 0.14819601 0.1332149  0.08432302 0.03082126 0.04986013
 0.11659422 0.15028563 0.13994026 0.12152142]",0.16969143129351397,0.04655997295635288
